t_ms,ax_g,ay_g,az_g
2039,0.0088,-1.0029,0.1045
2091,0.0107,-0.9956,0.1069
2143,0.0073,-0.9988,0.0947
2195,0.0044,-0.9929,0.1028
2247,0.0095,-1.0029,0.0920
2299,0.0100,-0.9983,0.0969
2351,0.0059,-0.9963,0.1023
2403,0.0095,-0.9961,0.0986
2455,0.0110,-1.0042,0.0974
2507,0.0076,-1.0029,0.1021
2559,0.0110,-1.0039,0.0889
2611,0.0051,-1.0005,0.0937
2663,0.0063,-1.0007,0.1094
2715,0.0081,-0.9993,0.0979
2767,0.0071,-0.9993,0.1072
2819,0.0039,-0.9961,0.1011
2871,0.0078,-0.9993,0.0957
2923,0.0076,-0.9988,0.0986
2975,0.0129,-1.0056,0.0955
3027,0.0071,-0.9985,0.0830
3079,0.0076,-1.0022,0.1023
3131,0.0068,-0.9946,0.1023
3183,0.0071,-1.0007,0.0952
3235,0.0068,-0.9993,0.0959
3287,0.0017,-1.0020,0.0974
3339,0.0051,-1.0032,0.0964
3391,0.0115,-0.9958,0.1082
3443,0.0056,-0.9966,0.1016
3495,0.0059,-1.0017,0.0969
3547,0.0037,-0.9961,0.0867
3599,0.0061,-0.9976,0.0896
3651,0.0083,-0.9973,0.1008
3703,0.0078,-0.9990,0.0999
3755,0.0049,-0.9985,0.0869
3807,0.0066,-0.9983,0.1025
3859,0.0078,-0.9968,0.1028
3911,0.0085,-0.9988,0.0974
3963,0.0015,-0.9941,0.1074
4015,0.0081,-0.9998,0.1035
4067,0.0088,-0.9985,0.1006
4119,0.0139,-0.9993,0.1047
4171,0.0068,-0.9966,0.1023
4223,0.0100,-0.9976,0.0974
4275,0.0066,-1.0022,0.0947
4327,0.0068,-0.9971,0.0994
4379,0.0054,-1.0027,0.0947
4431,0.0120,-1.0000,0.0920
4483,0.0081,-1.0000,0.0996
4535,0.0061,-0.9976,0.1028
4587,0.0071,-1.0027,0.0886
4639,0.0090,-1.0020,0.0999
4691,0.0073,-0.9958,0.1033
4743,0.0073,-0.9976,0.1060
4795,0.0103,-0.9978,0.0923
4847,0.0054,-0.9946,0.0952
4899,0.0093,-0.9980,0.0989
4951,0.0068,-1.0042,0.0989
5003,0.0105,-1.0042,0.0935
5055,0.0081,-0.9966,0.0967
5107,0.0073,-0.9993,0.1035
5159,0.0100,-0.9971,0.1072
5211,0.0071,-0.9971,0.1040
5263,0.0076,-1.0017,0.1033
5315,0.0073,-0.9983,0.1038
5367,0.0049,-1.0020,0.1018
5419,0.0137,-0.9946,0.1067
5471,0.0056,-1.0007,0.0959
5523,0.0083,-0.9990,0.1067
5575,0.0061,-0.9968,0.0979
5627,0.0046,-0.9980,0.1018
5679,0.0071,-0.9985,0.0957
5731,0.0085,-0.9980,0.0977
5783,0.0054,-0.9946,0.1079
5835,0.0073,-0.9983,0.1060
5887,0.0032,-1.0002,0.0935
5939,0.0071,-0.9968,0.1023
5991,0.0095,-0.9966,0.1062
6043,0.0085,-0.9978,0.1021
6095,0.0132,-0.9973,0.1082
6147,0.0083,-1.0000,0.1028
6199,0.0088,-0.9956,0.1096
6251,0.0066,-0.9983,0.0986
6303,0.0090,-0.9995,0.0977
6355,0.0051,-1.0015,0.1021
6407,0.0083,-0.9985,0.0955
6459,0.0088,-0.9976,0.1069
6511,0.0066,-0.9993,0.1008
6563,0.0083,-0.9968,0.1050
6615,0.0029,-0.9988,0.1030
6667,0.0100,-0.9954,0.1003
6719,0.0068,-1.0005,0.1003
6771,0.0034,-0.9978,0.1062
6823,0.0103,-0.9968,0.0984
6875,0.0105,-0.9985,0.0940
6927,0.0088,-0.9973,0.0991
6979,0.0098,-1.0015,0.0891
7031,0.0088,-0.9978,0.0981
7083,0.0068,-0.9971,0.0898
7135,0.0066,-1.0002,0.0937
7187,0.0029,-0.9993,0.0984
7239,0.0076,-0.9985,0.0898
7291,0.0063,-1.0027,0.0901
7343,0.0032,-0.9961,0.0911
7395,0.0081,-1.0051,0.0984
7447,0.0073,-0.9973,0.0913
7499,0.0103,-0.9978,0.0979
7551,0.0078,-1.0005,0.0935
7603,0.0051,-0.9976,0.1016
7655,0.0073,-0.9946,0.1013
7707,0.0103,-0.9995,0.1008
7759,0.0056,-1.0037,0.0981
7811,0.0051,-0.9978,0.0957
7863,0.0039,-0.9951,0.1013
7915,0.0066,-0.9966,0.0950
7967,0.0068,-1.0002,0.0898
8019,0.0051,-1.0017,0.0945
8071,0.0085,-1.0039,0.0896
8123,0.0085,-0.9990,0.0894
8175,0.0042,-0.9980,0.1003
8227,0.0059,-1.0010,0.0979
8279,0.0042,-1.0007,0.0891
8331,0.0090,-1.0000,0.0898
8383,0.0063,-0.9956,0.0896
8435,0.0083,-0.9990,0.0947
8487,0.0076,-1.0002,0.0940
8539,0.0078,-1.0002,0.0908
8591,0.0044,-1.0002,0.0930
8643,0.0103,-0.9983,0.0876
8695,0.0083,-0.9976,0.0837
8747,0.0085,-0.9951,0.0972
8799,0.0088,-0.9993,0.0911
8851,0.0056,-0.9973,0.0957
8903,0.0085,-0.9966,0.0974
8955,0.0078,-1.0039,0.0828
9007,0.0056,-0.9995,0.0852
9059,0.0042,-0.9973,0.0791
9111,0.0110,-1.0027,0.0840
9163,0.0044,-0.9966,0.0842
9215,0.0085,-1.0034,0.0894
9267,0.0103,-0.9990,0.0937
9319,0.0095,-1.0017,0.0898
9371,0.0093,-1.0032,0.0815
9423,0.0054,-0.9983,0.0857
9475,0.0100,-1.0027,0.0937
9527,0.0076,-1.0032,0.0903
9579,0.0095,-0.9971,0.0942
9631,0.0098,-0.9980,0.0894
9683,0.0056,-1.0005,0.0803
9735,0.0068,-1.0034,0.0864
9787,0.0078,-0.9941,0.0952
9839,0.0088,-1.0022,0.0845
9891,0.0088,-0.9963,0.0862
9943,0.0076,-0.9995,0.0942
9995,0.0088,-1.0007,0.0891
10047,0.0103,-1.0007,0.0835
10099,0.0061,-1.0046,0.0791
10151,0.0056,-1.0007,0.0889
10203,0.0054,-0.9963,0.0923
10255,0.0071,-1.0010,0.0889
10307,0.0122,-1.0037,0.0874
10359,0.0054,-0.9990,0.0847
10411,0.0073,-1.0015,0.0791
10463,0.0090,-1.0024,0.0820
10515,0.0029,-0.9995,0.0874
10567,0.0098,-1.0017,0.0837
10619,0.0083,-0.9961,0.0828
10671,0.0032,-0.9976,0.0828
10723,0.0098,-0.9954,0.0830
10775,0.0076,-1.0029,0.0803
10827,0.0029,-0.9971,0.0767
10879,0.0059,-0.9980,0.0876
10931,0.0044,-1.0002,0.0818
10983,0.0034,-0.9983,0.0884
11035,0.0056,-0.9993,0.0828
11087,0.0059,-0.9995,0.0874
11139,0.0054,-1.0029,0.0815
11191,0.0085,-1.0032,0.0803
11243,0.0110,-1.0000,0.0774
11295,0.0078,-1.0024,0.0828
11347,0.0049,-1.0007,0.0847
11399,0.0066,-1.0017,0.0881
11451,0.0042,-1.0015,0.0791
11503,0.0088,-0.9980,0.0713
11555,0.0071,-0.9973,0.0793
11607,0.0039,-0.9980,0.0740
11659,0.0046,-1.0032,0.0740
11711,0.0063,-1.0024,0.0793
11763,0.0066,-0.9985,0.0750
11815,0.0120,-1.0015,0.0793
11867,0.0063,-0.9976,0.0732
11919,0.0081,-1.0007,0.0811
11971,0.0085,-0.9956,0.0808
12023,0.0066,-1.0005,0.0791
12075,0.0081,-0.9990,0.0823
12127,0.0054,-1.0002,0.0759
12179,0.0056,-1.0034,0.0774
12231,0.0093,-1.0034,0.0752
12283,0.0066,-0.9968,0.0806
12335,0.0044,-1.0020,0.0796
12387,0.0061,-1.0046,0.0823
12439,0.0090,-0.9966,0.0793
12491,0.0105,-1.0046,0.0762
12543,0.0068,-1.0005,0.0808
12595,0.0083,-0.9951,0.0801
12647,0.0112,-1.0024,0.0798
